{"dimension": "3D", "n_elements": 10, "lx_total_beam": 240, "material_density": 160, "E_Modul": 286100000.0, "nu": 0.1, "nodes_per_elem": 2, "cross_section_area": 1728, "Iy": 1884355.5111738234, "Iz": 550140.285703571, "I_param": 100000.0, "It": 809972.3436643911, "modes_to_consider": 15, "static_load_magnitude": -20.0, "inital_params_yg": [1.0, 1.0, 1.0], "params_k_ya": [0.7286590180627843, 10.076556461994647], "params_m_ya": [10.001220139481262, 10.001220139481262, 0.0], "Ip": 2491530.086509658}