{"dimension": "3D", 
    "n_elements": 10, 
    "lx_total_beam": 180, 
    "material_density": 100, 
    "E_Modul": 286100000.0, 
    "nu": 0.1, 
    "damping_coeff": 0.025, 
    "nodes_per_elem": 2, 
    "cross_section_area": 1350,
    "B":45,
    "D":30, 
    "Iy": 166979.38292672407, 
    "Iz": 106929.9472261329, 
    "I_param": 10000.0, 
    "It": 227299.34787545516, 
    "modes_to_consider": 15, 
    "static_load_magnitude": -20.0, 
    "dynamic_load_file": "inputs\\dynamic_force_11_nodes.npy", 
    "inital_params_yg": [1.0, 1.0, 1.0], 
    "params_k_ya": [0.010000000000001575, 13.873720111029677], 
    "params_m_ya": [0.0, 0.0, 0.0], 
    "eigen_freqs_orig": [0.2, 0.23, 0.5], 
    "eigen_freqs_tar": [0.2591, 0.3249, 1.3555], 
    "Ip": 310972.60120412195}