{"dimension": "3D", "n_elements": 3, "lx_total_beam": 180, "material_density": 160, "E_Modul": 286100000.0, "nu": 0.1, "damping_coeff": 0.025, "nodes_per_elem": 2, "cross_section_area": 1350, "Iy": 133860.29082184128, "Iz": 109984.43948664174, "I_param": 120000.0, "It": 581406.3217792943, "modes_to_consider": 15, "static_load_magnitude": -20.0, "dynamic_load_file": "inputs\\dynamic_force_4_nodes.npy", "inital_params_yg": [1.0, 1.0, 1.0], "params_k_ya": [0.2265127435248362, 13.522271807106986], "params_m_ya": [0.0, 0.0, 0.0], "eigen_freqs": [0.2, 0.23, 0.5], "Ip": 3730322.5582863586}